,load_A_row,seq_loop_status1.csv
,store_atom,seq_loop_status2.csv
,store_Q,seq_loop_status3.csv
,main_iter,seq_loop_status4.csv
grp_omp_reconstruction_Pipeline_init_x_fu_3663,init_x,upc_loop_status1.csv
grp_omp_reconstruction_Pipeline_load_A_col_fu_3670,load_A_col,upc_loop_status2.csv
grp_atom_selection_fu_3726.grp_atom_selection_Pipeline_atom_loop_fu_1118,atom_loop,upc_loop_status3.csv
grp_gram_schmidt_fu_3826,load_q,seq_loop_status5.csv
grp_gram_schmidt_fu_3826,gs_outer,seq_loop_status6.csv
grp_omp_reconstruction_Pipeline_compute_G_VITIS_LOOP_254_1_fu_4027,compute_G_VITIS_LOOP_254_1,upc_loop_status4.csv
grp_omp_reconstruction_Pipeline_compute_b_fu_4087,compute_b,upc_loop_status5.csv
grp_acd_inversion_fu_4195,VITIS_LOOP_135_4,seq_loop_status7.csv
grp_acd_inversion_fu_4195,VITIS_LOOP_135_4,seq_loop_status8.csv
grp_acd_inversion_fu_4195,VITIS_LOOP_135_4,seq_loop_status9.csv
grp_acd_inversion_fu_4195,VITIS_LOOP_135_4,seq_loop_status10.csv
grp_acd_inversion_fu_4195,VITIS_LOOP_135_4,seq_loop_status11.csv
grp_acd_inversion_fu_4195,VITIS_LOOP_135_4,seq_loop_status12.csv
grp_acd_inversion_fu_4195,decomp_loop,seq_loop_status13.csv
grp_acd_inversion_fu_4195,VITIS_LOOP_152_6,seq_loop_status14.csv
grp_acd_inversion_fu_4195,VITIS_LOOP_149_5,seq_loop_status15.csv
grp_acd_inversion_fu_4195,inv_l_loop,seq_loop_status16.csv
grp_acd_inversion_fu_4195.grp_acd_inversion_Pipeline_init_mats_fu_2762,init_mats,upc_loop_status6.csv
grp_acd_inversion_fu_4195.grp_acd_inversion_Pipeline_inv_d_loop_fu_2886,inv_d_loop,upc_loop_status7.csv
grp_acd_inversion_fu_4195.grp_acd_inversion_Pipeline_calc_T_fu_2906,calc_T,upc_loop_status8.csv
grp_acd_inversion_fu_4195.grp_acd_inversion_Pipeline_calc_Ginv_fu_3060,calc_Ginv,upc_loop_status9.csv
grp_omp_reconstruction_Pipeline_mult_theta_fu_4273,mult_theta,upc_loop_status10.csv
grp_omp_reconstruction_Pipeline_map_out_fu_4350,map_out,upc_loop_status11.csv
