,AESL_inst_omp_reconstruction,,module_status1.csv
,grp_omp_reconstruction_Pipeline_init_x_fu_3663,,module_status2.csv
,grp_omp_reconstruction_Pipeline_load_A_col_fu_3670,,module_status3.csv
,grp_atom_selection_fu_3726,,module_status4.csv
grp_atom_selection_fu_3726,grp_atom_selection_Pipeline_atom_loop_fu_1118,,module_status5.csv
,grp_gram_schmidt_fu_3826,,module_status6.csv
,grp_dot_product_M_fu_3927,,module_status7.csv
,grp_omp_reconstruction_Pipeline_compute_G_VITIS_LOOP_254_1_fu_4027,,module_status8.csv
,grp_omp_reconstruction_Pipeline_compute_b_fu_4087,,module_status9.csv
grp_omp_reconstruction_Pipeline_compute_b_fu_4087,grp_dot_product_M_1_fu_1256,,module_status10.csv
,grp_acd_inversion_fu_4195,,module_status11.csv
grp_acd_inversion_fu_4195,grp_acd_inversion_Pipeline_init_mats_fu_2762,,module_status12.csv
grp_acd_inversion_fu_4195,grp_acd_inversion_Pipeline_inv_d_loop_fu_2886,,module_status13.csv
grp_acd_inversion_fu_4195,grp_acd_inversion_Pipeline_calc_T_fu_2906,,module_status14.csv
grp_acd_inversion_fu_4195,grp_acd_inversion_Pipeline_calc_Ginv_fu_3060,,module_status15.csv
,grp_omp_reconstruction_Pipeline_mult_theta_fu_4273,,module_status16.csv
,grp_omp_reconstruction_Pipeline_map_out_fu_4350,,module_status17.csv
